8 Jul 2019,20LCDW,Dell,2007WFP,2007,29.95
8 Jul 2019,22LCDW,Dell,P2212H,2012,29.95
8 Jul 2019,20LCDW,Dell,2007WFP,2007,29.95
8 Jul 2019,24LCDW,Dell,E248WFP,2008,49.95
8 Jul 2019,22LEDW,LG,24M477H,2015,59.95
8 Jul 2019,24LEDW,LG,24M477H,2015,59.95
8 Jul 2019,23LEDW,Dell,P2314H,2015,64.95
8 Jul 2019,23LEDW,Dell,E2316H,2016,64.95
8 Jul 2019,24LEDW,HP,LA2405x,2013,64.95
8 Jul 2019,24LEDW,HP,LA2405x,2013,64.95
8 Jul 2019,24LCDW,HP,LP2465,2007,54.95
8 Jul 2019,23LEDW,Dell,P2314H,2015,64.95
8 Jul 2019,19LEDW,HP,LE1901w,2010,29.95
8 Jul 2019,24LCDW,Dell,S2409W,2008,39.95
8 Jul 2019,24LEDW,LG,24EN33,2014,74.95
